date,downloads_without_mirrors
2026-06-06,301
2026-06-07,15
2026-06-08,18
2026-06-09,205
2026-06-10,8
2026-06-11,256
2026-06-12,110
2026-06-13,157
2026-06-14,134
2026-06-15,18
2026-06-16,21
2026-06-17,135
2026-06-18,257
2026-06-19,93
2026-06-20,7
2026-06-21,9
2026-06-22,9
2026-06-23,9
2026-06-24,91
2026-06-25,3
2026-06-26,20
2026-06-27,42
2026-06-28,7
2026-06-29,4
2026-06-30,36
2026-07-01,1
2026-07-03,124
2026-07-04,1
2026-07-06,2
2026-07-07,1
2026-07-09,18
2026-07-10,2
2026-07-11,10
2026-07-12,2
2026-07-13,2
2026-07-16,100
2026-07-17,8
2026-07-18,8
2026-07-19,14
2026-07-20,2
2026-07-21,4
2026-07-22,41
2026-07-23,8
2026-07-24,3
2026-07-25,15
2026-07-26,2
2026-07-27,2
2026-07-28,4
2026-07-30,14
2026-08-02,78
2026-08-03,2
2026-08-04,151
2026-08-05,88
2026-08-06,27
2026-08-07,21
2026-08-08,108
2026-08-09,13
2026-08-10,6
2026-08-11,4
2026-08-12,8
2026-08-13,2
2026-08-14,2
2026-08-15,10
2026-08-17,2
2026-08-18,9
2026-08-19,2
2026-08-21,82
2026-08-22,12
2026-08-23,7
2026-08-24,74
2026-08-28,200
2026-08-29,22
2026-08-30,15
2026-08-31,8
2026-09-01,13
2026-09-02,3
2026-09-03,5
2026-09-04,45
2026-09-05,7
2026-09-06,2
2026-09-07,7
2026-09-08,5
2026-09-09,14
2026-09-10,4
2026-09-11,2
2026-09-12,1
2026-09-13,2
2026-09-14,12
2026-09-15,1
2026-09-16,1
2026-09-18,3
2026-09-21,5
2026-09-22,2
2026-09-23,1
2026-09-24,84
2026-09-25,5
2026-09-26,107
2026-09-27,100
2026-09-28,7
2026-09-29,8
2026-09-30,97
2026-10-01,97
2026-10-02,8
2026-10-03,22
2026-10-04,93
2026-10-05,47
2026-10-06,94
