snapshot_date,tag,asset,download_count
2026-10-06,v0.25.0,ScanpathStudio-linux-x86_64.tar.gz,0
2026-10-06,v0.25.0,ScanpathStudio-macos-arm64.tar.gz,2
2026-10-06,v0.25.0,ScanpathStudio-windows-x86_64.zip,0
2026-10-06,v0.26.0,ScanpathStudio-linux-x86_64.tar.gz,0
2026-10-06,v0.26.0,ScanpathStudio-macos-arm64.tar.gz,0
2026-10-06,v0.26.0,ScanpathStudio-windows-x86_64.zip,0
2026-10-06,v0.27.0,ScanpathStudio-linux-x86_64.tar.gz,0
2026-10-06,v0.27.0,ScanpathStudio-macos-arm64.tar.gz,0
2026-10-06,v0.27.0,ScanpathStudio-windows-x86_64.zip,0
2026-10-06,v0.27.1,ScanpathStudio-linux-x86_64.tar.gz,0
2026-10-06,v0.27.1,ScanpathStudio-macos-arm64.tar.gz,0
2026-10-06,v0.27.1,ScanpathStudio-windows-x86_64.zip,0
2026-10-06,v0.27.2,ScanpathStudio-linux-x86_64.tar.gz,0
2026-10-06,v0.27.2,ScanpathStudio-macos-arm64.tar.gz,1
2026-10-06,v0.27.2,ScanpathStudio-windows-x86_64.zip,0
2026-10-06,v0.28.0,ScanpathStudio-linux-x86_64.tar.gz,0
2026-10-06,v0.28.0,ScanpathStudio-macos-arm64.tar.gz,0
2026-10-06,v0.28.0,ScanpathStudio-windows-x86_64.zip,0
2026-10-06,v0.29.0,ScanpathStudio-linux-x86_64.tar.gz,0
2026-10-06,v0.29.0,ScanpathStudio-macos-arm64.tar.gz,0
2026-10-06,v0.29.0,ScanpathStudio-windows-x86_64.zip,0
2026-10-06,v0.30.0,ScanpathStudio-linux-x86_64.tar.gz,0
2026-10-06,v0.30.0,ScanpathStudio-macos-arm64.tar.gz,0
2026-10-06,v0.30.0,ScanpathStudio-windows-x86_64.zip,0
2026-10-06,v0.30.1,ScanpathStudio-linux-x86_64.tar.gz,0
2026-10-06,v0.30.1,ScanpathStudio-macos-arm64.tar.gz,1
2026-10-06,v0.30.1,ScanpathStudio-windows-x86_64.zip,0
2026-10-06,v0.31.0,ScanpathStudio-linux-x86_64.tar.gz,2
2026-10-06,v0.31.0,ScanpathStudio-macos-arm64.tar.gz,2
2026-10-06,v0.31.0,ScanpathStudio-windows-x86_64.zip,3
2026-10-06,v0.31.1,ScanpathStudio-linux-x86_64.tar.gz,0
2026-10-06,v0.31.1,ScanpathStudio-macos-arm64.tar.gz,0
2026-10-06,v0.31.1,ScanpathStudio-windows-x86_64.zip,0
2026-10-06,v0.31.2,ScanpathStudio-linux-x86_64.tar.gz,1
2026-10-06,v0.31.2,ScanpathStudio-macos-arm64.tar.gz,2
2026-10-06,v0.31.2,ScanpathStudio-windows-x86_64.zip,2
2026-10-06,v0.32.0,ScanpathStudio-linux-x86_64.tar.gz,0
2026-10-06,v0.32.0,ScanpathStudio-macos-arm64.dmg,9
2026-10-06,v0.32.0,ScanpathStudio-windows-x86_64.zip,0
2026-10-06,v0.32.1,ScanpathStudio-linux-x86_64.tar.gz,0
2026-10-06,v0.32.1,ScanpathStudio-macos-arm64.dmg,3
2026-10-06,v0.32.1,ScanpathStudio-windows-x86_64.zip,1
2026-10-06,v0.33.0,ScanpathStudio-linux-x86_64.tar.gz,1
2026-10-06,v0.33.0,ScanpathStudio-macos-arm64.dmg,3
2026-10-06,v0.33.0,ScanpathStudio-windows-x86_64.zip,1
2026-10-06,v0.34.0,ScanpathStudio-linux-x86_64.tar.gz,0
2026-10-06,v0.34.0,ScanpathStudio-macos-arm64.dmg,0
2026-10-06,v0.34.0,ScanpathStudio-windows-x86_64.zip,1
